{
  "hash": "8f74ddb7",
  "configHash": "75fa8877",
  "lockfileHash": "17d7e90c",
  "browserHash": "ed5b75e3",
  "optimized": {
    "@angular/common/http": {
      "src": "../../../../../node_modules/@angular/common/fesm2022/http.mjs",
      "file": "@angular_common_http.js",
      "fileHash": "c84d81bf",
      "needsInterop": false
    },
    "@angular/core": {
      "src": "../../../../../node_modules/@angular/core/fesm2022/core.mjs",
      "file": "@angular_core.js",
      "fileHash": "e522b523",
      "needsInterop": false
    },
    "@angular/platform-browser": {
      "src": "../../../../../node_modules/@angular/platform-browser/fesm2022/platform-browser.mjs",
      "file": "@angular_platform-browser.js",
      "fileHash": "59d0927f",
      "needsInterop": false
    },
    "@angular/router": {
      "src": "../../../../../node_modules/@angular/router/fesm2022/router.mjs",
      "file": "@angular_router.js",
      "fileHash": "49affde2",
      "needsInterop": false
    },
    "@angular/common": {
      "src": "../../../../../node_modules/@angular/common/fesm2022/common.mjs",
      "file": "@angular_common.js",
      "fileHash": "79d78e15",
      "needsInterop": false
    }
  },
  "chunks": {
    "chunk-WKWHJJB3": {
      "file": "chunk-WKWHJJB3.js"
    },
    "chunk-FMQQDYN6": {
      "file": "chunk-FMQQDYN6.js"
    },
    "chunk-CB6IC6GE": {
      "file": "chunk-CB6IC6GE.js"
    },
    "chunk-ZU5J2OK7": {
      "file": "chunk-ZU5J2OK7.js"
    }
  }
}